schema_version,summary_kind,method,execution_model,amplitude_numerator,amplitude_denominator,amplitude,requested_oracle_budget,logical_lookup_oracle_calls,oracle_domain_size,requested_budget_ge_domain_size,realized_calls_ge_domain_size,n,n_requested,n_failed,failure_messages,warmup_records_excluded,mean_estimator_runtime_ms,median_estimator_runtime_ms,median_estimator_runtime_ms_bootstrap_ci_low,median_estimator_runtime_ms_bootstrap_ci_high,sample_std_estimator_runtime_ms,min_estimator_runtime_ms,max_estimator_runtime_ms,mean_operational_method_runtime_ms,median_operational_method_runtime_ms,median_operational_method_runtime_ms_bootstrap_ci_low,median_operational_method_runtime_ms_bootstrap_ci_high,sample_std_operational_method_runtime_ms,min_operational_method_runtime_ms,max_operational_method_runtime_ms,mean_audit_end_to_end_ms,median_audit_end_to_end_ms,median_audit_end_to_end_ms_bootstrap_ci_low,median_audit_end_to_end_ms_bootstrap_ci_high,sample_std_audit_end_to_end_ms,min_audit_end_to_end_ms,max_audit_end_to_end_ms,median_oracle_synthesis_ms,median_sampler_algorithm_setup_ms,median_analysis_copy_transpilation_ms,median_confidence_interval_postprocessing_ms,bootstrap_replicates,bootstrap_confidence_level,bootstrap_base_seed,bootstrap_group_seed,max_transpiled_quantum_depth,max_transpiled_quantum_gate_count,schedule_transpiled_quantum_gate_count,shot_weighted_transpiled_quantum_gate_count
1.0,actual_runtime_and_circuit_metrics,classical_monte_carlo,Python table MC,0,64,0.0,32,18,64,False,False,5,5,0,[],1,0.0161082,0.017833,0.012458,0.019208,0.0033296450561583887,0.012458,0.019208,0.0205498,0.024125,0.014125,0.025625,0.005851907697494894,0.014125,0.025625,0.0205498,0.024125,0.014125,0.025625,0.005851907697494894,0.014125,0.025625,,,,0.006083,2000,0.95,20260801,2545298305,,,,
1.0,actual_runtime_and_circuit_metrics,classical_monte_carlo,Python table MC,0,64,0.0,64,35,64,True,False,5,5,0,[],1,0.0169248,0.015583,0.014583,0.0235,0.0036986489695563164,0.014583,0.0235,0.019466400000000002,0.017083,0.015875,0.029916,0.005871322023190348,0.015875,0.029916,0.019466400000000002,0.017083,0.015875,0.029916,0.005871322023190348,0.015875,0.029916,,,,0.001666,2000,0.95,20260801,2394203380,,,,
1.0,actual_runtime_and_circuit_metrics,classical_monte_carlo,Python table MC,0,64,0.0,128,105,64,True,True,5,5,0,[],1,0.038849800000000004,0.038875,0.035875,0.042458,0.002388351670085461,0.035875,0.042458,0.045500200000000005,0.045334,0.042125,0.049333,0.0025924530275397467,0.042125,0.049333,0.045500200000000005,0.045334,0.042125,0.049333,0.0025924530275397467,0.042125,0.049333,,,,0.00675,2000,0.95,20260801,3664496871,,,,
1.0,actual_runtime_and_circuit_metrics,classical_monte_carlo,Python table MC,0,64,0.0,256,245,64,True,True,5,5,0,[],1,0.0665834,0.067541,0.062,0.069917,0.0029649187678585757,0.062,0.069917,0.0723332,0.074,0.064,0.07625,0.00485439091956962,0.064,0.07625,0.0723332,0.074,0.064,0.07625,0.00485439091956962,0.064,0.07625,,,,0.00625,2000,0.95,20260801,1341188548,,,,
1.0,actual_runtime_and_circuit_metrics,classical_monte_carlo,Python table MC,0,64,0.0,512,490,64,True,True,5,5,0,[],1,0.11922479999999999,0.119083,0.116041,0.123833,0.0032827264887589974,0.116041,0.123833,0.124525,0.126125,0.117875,0.131916,0.006301683544894972,0.117875,0.131916,0.124525,0.126125,0.117875,0.131916,0.006301683544894972,0.117875,0.131916,,,,0.007,2000,0.95,20260801,1664304552,,,,
1.0,actual_runtime_and_circuit_metrics,classical_monte_carlo,Python table MC,0,64,0.0,1024,1015,64,True,True,5,5,0,[],1,0.24067500000000003,0.240042,0.231167,0.246416,0.006227285965812067,0.231167,0.246416,0.24710800000000002,0.248083,0.237625,0.254541,0.00703496673766124,0.237625,0.254541,0.24710800000000002,0.248083,0.237625,0.254541,0.00703496673766124,0.237625,0.254541,,,,0.0065,2000,0.95,20260801,1714118328,,,,
1.0,actual_runtime_and_circuit_metrics,classical_monte_carlo,Python table MC,1,64,0.015625,32,18,64,False,False,5,5,0,[],1,0.0175418,0.012084,0.011667,0.02825,0.007884906036218822,0.011667,0.02825,0.0218834,0.013959,0.013208,0.034792,0.011354346581816145,0.013208,0.034792,0.0218834,0.013959,0.013208,0.034792,0.011354346581816145,0.013208,0.034792,,,,0.001916,2000,0.95,20260801,1772624374,,,,
1.0,actual_runtime_and_circuit_metrics,classical_monte_carlo,Python table MC,1,64,0.015625,64,35,64,True,False,5,5,0,[],1,0.018224999999999998,0.0165,0.015625,0.025042,0.003947563425709585,0.015625,0.025042,0.0220582,0.020208,0.0175,0.031875,0.00574014844755778,0.0175,0.031875,0.0220582,0.020208,0.0175,0.031875,0.00574014844755778,0.0175,0.031875,,,,0.002166,2000,0.95,20260801,1830560686,,,,
1.0,actual_runtime_and_circuit_metrics,classical_monte_carlo,Python table MC,1,64,0.015625,128,105,64,True,True,5,5,0,[],1,0.0365334,0.037625,0.029709,0.0425,0.0054823721416919526,0.029709,0.0425,0.0435082,0.048041,0.031417,0.052583,0.010114781693145926,0.031417,0.052583,0.0435082,0.048041,0.031417,0.052583,0.010114781693145926,0.031417,0.052583,,,,0.00725,2000,0.95,20260801,523123682,,,,
1.0,actual_runtime_and_circuit_metrics,classical_monte_carlo,Python table MC,1,64,0.015625,256,245,64,True,True,5,5,0,[],1,0.06616659999999999,0.066291,0.059708,0.071834,0.0051015187248504715,0.059708,0.071834,0.0709164,0.0735,0.061541,0.078542,0.007637030594412988,0.061541,0.078542,0.0709164,0.0735,0.061541,0.078542,0.007637030594412988,0.061541,0.078542,,,,0.006417,2000,0.95,20260801,2586981376,,,,
1.0,actual_runtime_and_circuit_metrics,classical_monte_carlo,Python table MC,1,64,0.015625,512,490,64,True,True,5,5,0,[],1,0.11737500000000001,0.11625,0.110625,0.128,0.007064435575472395,0.110625,0.128,0.121308,0.118041,0.112375,0.135041,0.009620941430026479,0.112375,0.135041,0.121308,0.118041,0.112375,0.135041,0.009620941430026479,0.112375,0.135041,,,,0.002042,2000,0.95,20260801,1412898420,,,,
1.0,actual_runtime_and_circuit_metrics,classical_monte_carlo,Python table MC,1,64,0.015625,1024,1015,64,True,True,5,5,0,[],1,0.23369179999999998,0.232792,0.224875,0.247667,0.008535623392582407,0.224875,0.247667,0.2367086,0.234792,0.227125,0.254584,0.010555628110159991,0.227125,0.254584,0.2367086,0.234792,0.227125,0.254584,0.010555628110159991,0.227125,0.254584,,,,0.002083,2000,0.95,20260801,1748397557,,,,
1.0,actual_runtime_and_circuit_metrics,classical_monte_carlo,Python table MC,8,64,0.125,32,18,64,False,False,5,5,0,[],1,0.0176752,0.0205,0.012042,0.022125,0.005138010188779309,0.012042,0.022125,0.0223754,0.027167,0.013417,0.028959,0.008112338429824041,0.013417,0.028959,0.0223754,0.027167,0.013417,0.028959,0.008112338429824041,0.013417,0.028959,,,,0.006583,2000,0.95,20260801,3221809289,,,,
1.0,actual_runtime_and_circuit_metrics,classical_monte_carlo,Python table MC,8,64,0.125,64,35,64,True,False,5,5,0,[],1,0.0195752,0.016042,0.014833,0.026334,0.005495778443496426,0.014833,0.026334,0.0233748,0.018208,0.016708,0.032875,0.008005734925664228,0.016708,0.032875,0.0233748,0.018208,0.016708,0.032875,0.008005734925664228,0.016708,0.032875,,,,0.00225,2000,0.95,20260801,4044027391,,,,
1.0,actual_runtime_and_circuit_metrics,classical_monte_carlo,Python table MC,8,64,0.125,128,105,64,True,True,5,5,0,[],1,0.0316166,0.030208,0.028625,0.038209,0.0037808479604448525,0.028625,0.038209,0.034425,0.032375,0.030375,0.044792,0.005863665193375215,0.030375,0.044792,0.034425,0.032375,0.030375,0.044792,0.005863665193375215,0.030375,0.044792,,,,0.00175,2000,0.95,20260801,3325791882,,,,
1.0,actual_runtime_and_circuit_metrics,classical_monte_carlo,Python table MC,8,64,0.125,256,245,64,True,True,5,5,0,[],1,0.0622834,0.059417,0.057042,0.068291,0.00533248640879656,0.057042,0.068291,0.0661002,0.06075,0.058834,0.075291,0.008329095941337211,0.058834,0.075291,0.0661002,0.06075,0.058834,0.075291,0.008329095941337211,0.058834,0.075291,,,,0.00175,2000,0.95,20260801,2400325800,,,,
1.0,actual_runtime_and_circuit_metrics,classical_monte_carlo,Python table MC,8,64,0.125,512,490,64,True,True,5,5,0,[],1,0.11621680000000001,0.114709,0.111958,0.121208,0.003791647095920185,0.111958,0.121208,0.1207748,0.117083,0.11625,0.127458,0.005717898801133151,0.11625,0.127458,0.1207748,0.117083,0.11625,0.127458,0.005717898801133151,0.11625,0.127458,,,,0.005083,2000,0.95,20260801,219110636,,,,
1.0,actual_runtime_and_circuit_metrics,classical_monte_carlo,Python table MC,8,64,0.125,1024,1015,64,True,True,5,5,0,[],1,0.2309414,0.2285,0.223291,0.243125,0.008122111628142036,0.223291,0.243125,0.23518319999999998,0.230292,0.226375,0.250458,0.010611921301065143,0.226375,0.250458,0.23518319999999998,0.230292,0.226375,0.250458,0.010611921301065143,0.226375,0.250458,,,,0.003,2000,0.95,20260801,101975922,,,,
1.0,actual_runtime_and_circuit_metrics,classical_monte_carlo,Python table MC,32,64,0.5,32,18,64,False,False,5,5,0,[],1,0.0172166,0.020041,0.011958,0.021209,0.004780800173611107,0.011958,0.021209,0.0218666,0.026583,0.013666,0.028042,0.007484280212552173,0.013666,0.028042,0.0218666,0.026583,0.013666,0.028042,0.007484280212552173,0.013666,0.028042,,,,0.006458,2000,0.95,20260801,2931745737,,,,
1.0,actual_runtime_and_circuit_metrics,classical_monte_carlo,Python table MC,32,64,0.5,64,35,64,True,False,5,5,0,[],1,0.0195748,0.016583,0.01575,0.024917,0.004679332826376,0.01575,0.024917,0.023375,0.018666,0.017459,0.031667,0.007318382505718051,0.017459,0.031667,0.023375,0.018666,0.017459,0.031667,0.007318382505718051,0.017459,0.031667,,,,0.002,2000,0.95,20260801,3626640609,,,,
1.0,actual_runtime_and_circuit_metrics,classical_monte_carlo,Python table MC,32,64,0.5,128,105,64,True,True,5,5,0,[],1,0.0334584,0.029917,0.029583,0.039417,0.005105393403059161,0.029583,0.039417,0.0373252,0.032042,0.031375,0.046167,0.007663440265311656,0.031375,0.046167,0.0373252,0.032042,0.031375,0.046167,0.007663440265311656,0.031375,0.046167,,,,0.002084,2000,0.95,20260801,3465816621,,,,
1.0,actual_runtime_and_circuit_metrics,classical_monte_carlo,Python table MC,32,64,0.5,256,245,64,True,True,5,5,0,[],1,0.0657498,0.067333,0.0575,0.07225,0.006191368322107803,0.0575,0.07225,0.07087479999999999,0.074291,0.059292,0.080125,0.009229927177394197,0.059292,0.080125,0.07087479999999999,0.074291,0.059292,0.080125,0.009229927177394197,0.059292,0.080125,,,,0.006875,2000,0.95,20260801,704139163,,,,
1.0,actual_runtime_and_circuit_metrics,classical_monte_carlo,Python table MC,32,64,0.5,512,490,64,True,True,5,5,0,[],1,0.1283248,0.120625,0.111291,0.16825,0.023566968912017518,0.111291,0.16825,0.1340498,0.129292,0.113416,0.17425,0.02509831717864765,0.113416,0.17425,0.1340498,0.129292,0.113416,0.17425,0.02509831717864765,0.113416,0.17425,,,,0.005834,2000,0.95,20260801,2482578595,,,,
1.0,actual_runtime_and_circuit_metrics,classical_monte_carlo,Python table MC,32,64,0.5,1024,1015,64,True,True,5,5,0,[],1,0.2336664,0.231541,0.222292,0.246583,0.010105056842987084,0.222292,0.246583,0.23769999999999997,0.233625,0.223709,0.253833,0.013033674079092202,0.223709,0.253833,0.23769999999999997,0.233625,0.223709,0.253833,0.013033674079092202,0.223709,0.253833,,,,0.002042,2000,0.95,20260801,607186703,,,,
1.0,actual_runtime_and_circuit_metrics,classical_monte_carlo,Python table MC,56,64,0.875,32,18,64,False,False,5,5,0,[],1,0.015783,0.011916,0.011625,0.022416,0.005521210374546509,0.011625,0.022416,0.0196584,0.013708,0.013334,0.02975,0.008455403526739572,0.013334,0.02975,0.0196584,0.013708,0.013334,0.02975,0.008455403526739572,0.013334,0.02975,,,,0.001708,2000,0.95,20260801,4058107138,,,,
1.0,actual_runtime_and_circuit_metrics,classical_monte_carlo,Python table MC,56,64,0.875,64,35,64,True,False,5,5,0,[],1,0.0176834,0.015667,0.014875,0.026625,0.0050374649179919856,0.014875,0.026625,0.0205914,0.017292,0.016541,0.034416,0.007757170895371587,0.016541,0.034416,0.0205914,0.017292,0.016541,0.034416,0.007757170895371587,0.016541,0.034416,,,,0.001666,2000,0.95,20260801,4011047376,,,,
1.0,actual_runtime_and_circuit_metrics,classical_monte_carlo,Python table MC,56,64,0.875,128,105,64,True,True,5,5,0,[],1,0.033875,0.031125,0.029375,0.039375,0.0048024241795160075,0.029375,0.039375,0.0393832,0.033208,0.031125,0.054541,0.010317269246268607,0.031125,0.054541,0.0393832,0.033208,0.031125,0.054541,0.010317269246268607,0.031125,0.054541,,,,0.002041,2000,0.95,20260801,900749373,,,,
1.0,actual_runtime_and_circuit_metrics,classical_monte_carlo,Python table MC,56,64,0.875,256,245,64,True,True,5,5,0,[],1,0.07067520000000001,0.068375,0.05975,0.089292,0.012313926006761611,0.05975,0.089292,0.0792084,0.075375,0.061792,0.11075,0.019865512585886126,0.061792,0.11075,0.0792084,0.075375,0.061792,0.11075,0.019865512585886126,0.061792,0.11075,,,,0.006959,2000,0.95,20260801,1524762245,,,,
1.0,actual_runtime_and_circuit_metrics,classical_monte_carlo,Python table MC,56,64,0.875,512,490,64,True,True,5,5,0,[],1,0.11524160000000001,0.112916,0.11175,0.1245,0.005251225266544941,0.11175,0.1245,0.11815020000000001,0.114833,0.113209,0.131708,0.007675007798041636,0.113209,0.131708,0.11815020000000001,0.114833,0.113209,0.131708,0.007675007798041636,0.113209,0.131708,,,,0.001875,2000,0.95,20260801,1494016062,,,,
1.0,actual_runtime_and_circuit_metrics,classical_monte_carlo,Python table MC,56,64,0.875,1024,1015,64,True,True,5,5,0,[],1,0.2331252,0.2345,0.22325,0.242667,0.008865441258053653,0.22325,0.242667,0.23704200000000003,0.241709,0.225334,0.247,0.010280853636736594,0.225334,0.247,0.23704200000000003,0.241709,0.225334,0.247,0.010280853636736594,0.225334,0.247,,,,0.002042,2000,0.95,20260801,2554547385,,,,
1.0,actual_runtime_and_circuit_metrics,classical_monte_carlo,Python table MC,63,64,0.984375,32,18,64,False,False,5,5,0,[],1,0.0204582,0.022583,0.011833,0.02375,0.004897874406311374,0.011833,0.02375,0.0267916,0.029625,0.013375,0.0325,0.0076733607565394706,0.013375,0.0325,0.0267916,0.029625,0.013375,0.0325,0.0076733607565394706,0.013375,0.0325,,,,0.006666,2000,0.95,20260801,127291201,,,,
1.0,actual_runtime_and_circuit_metrics,classical_monte_carlo,Python table MC,63,64,0.984375,64,35,64,True,False,5,5,0,[],1,0.0250836,0.024291,0.015959,0.044709,0.01174675252144183,0.015959,0.044709,0.036675200000000005,0.031083,0.017625,0.0835,0.02715260300965637,0.017625,0.0835,0.036675200000000005,0.031083,0.017625,0.0835,0.02715260300965637,0.017625,0.0835,,,,0.00675,2000,0.95,20260801,3402213544,,,,
1.0,actual_runtime_and_circuit_metrics,classical_monte_carlo,Python table MC,63,64,0.984375,128,105,64,True,True,5,5,0,[],1,0.0360752,0.038875,0.029709,0.041333,0.005129829451356059,0.029709,0.041333,0.0409832,0.045416,0.031625,0.048375,0.007828553614812892,0.031625,0.048375,0.0409832,0.045416,0.031625,0.048375,0.007828553614812892,0.031625,0.048375,,,,0.006458,2000,0.95,20260801,3522652826,,,,
1.0,actual_runtime_and_circuit_metrics,classical_monte_carlo,Python table MC,63,64,0.984375,256,245,64,True,True,5,5,0,[],1,0.0679584,0.067042,0.058375,0.082459,0.009672553892328541,0.058375,0.082459,0.0762668,0.073584,0.060167,0.106375,0.018589339504135157,0.060167,0.106375,0.0762668,0.073584,0.060167,0.106375,0.018589339504135157,0.060167,0.106375,,,,0.0065,2000,0.95,20260801,2374555897,,,,
1.0,actual_runtime_and_circuit_metrics,classical_monte_carlo,Python table MC,63,64,0.984375,512,490,64,True,True,5,5,0,[],1,0.12121679999999999,0.122333,0.112375,0.124834,0.005075229620421128,0.112375,0.124834,0.1269002,0.128833,0.114209,0.131625,0.007222650150741065,0.114209,0.131625,0.1269002,0.128833,0.114209,0.131625,0.007222650150741065,0.114209,0.131625,,,,0.006417,2000,0.95,20260801,1472131277,,,,
1.0,actual_runtime_and_circuit_metrics,classical_monte_carlo,Python table MC,63,64,0.984375,1024,1015,64,True,True,5,5,0,[],1,0.2308002,0.229333,0.221834,0.242667,0.008726684977699142,0.221834,0.242667,0.2346586,0.231292,0.223584,0.24925,0.011246209797082745,0.223584,0.24925,0.2346586,0.231292,0.223584,0.24925,0.011246209797082745,0.223584,0.24925,,,,0.001875,2000,0.95,20260801,488597422,,,,
1.0,actual_runtime_and_circuit_metrics,classical_monte_carlo,Python table MC,64,64,1.0,32,18,64,False,False,5,5,0,[],1,0.0177502,0.020208,0.011625,0.022875,0.005250410717267745,0.011625,0.022875,0.0227334,0.02625,0.013417,0.031625,0.00835553351378594,0.013417,0.031625,0.0227334,0.02625,0.013417,0.031625,0.00835553351378594,0.013417,0.031625,,,,0.006,2000,0.95,20260801,317301280,,,,
1.0,actual_runtime_and_circuit_metrics,classical_monte_carlo,Python table MC,64,64,1.0,64,35,64,True,False,5,5,0,[],1,0.0173084,0.015417,0.014833,0.025125,0.004382971001501151,0.014833,0.025125,0.0199082,0.017208,0.016583,0.031417,0.006442132698105496,0.016583,0.031417,0.0199082,0.017208,0.016583,0.031417,0.006442132698105496,0.016583,0.031417,,,,0.001708,2000,0.95,20260801,2766549022,,,,
1.0,actual_runtime_and_circuit_metrics,classical_monte_carlo,Python table MC,64,64,1.0,128,105,64,True,True,5,5,0,[],1,0.0343832,0.030583,0.03,0.042458,0.0057125978066025285,0.03,0.042458,0.0385748,0.0345,0.032166,0.049,0.007843327591016455,0.032166,0.049,0.0385748,0.0345,0.032166,0.049,0.007843327591016455,0.032166,0.049,,,,0.0045,2000,0.95,20260801,2503292203,,,,
1.0,actual_runtime_and_circuit_metrics,classical_monte_carlo,Python table MC,64,64,1.0,256,245,64,True,True,5,5,0,[],1,0.06484179999999999,0.062167,0.058667,0.074917,0.006418860895828792,0.058667,0.074917,0.07157519999999999,0.064042,0.060334,0.095334,0.014275340440774083,0.060334,0.095334,0.07157519999999999,0.064042,0.060334,0.095334,0.014275340440774083,0.060334,0.095334,,,,0.0025,2000,0.95,20260801,3007519868,,,,
1.0,actual_runtime_and_circuit_metrics,classical_monte_carlo,Python table MC,64,64,1.0,512,490,64,True,True,5,5,0,[],1,0.12230840000000001,0.124084,0.11425,0.127042,0.005045357896125899,0.11425,0.127042,0.1295332,0.131167,0.122,0.134708,0.005000658026700089,0.122,0.134708,0.1295332,0.131167,0.122,0.134708,0.005000658026700089,0.122,0.134708,,,,0.007083,2000,0.95,20260801,440981882,,,,
1.0,actual_runtime_and_circuit_metrics,classical_monte_carlo,Python table MC,64,64,1.0,1024,1015,64,True,True,5,5,0,[],1,0.2335416,0.232375,0.227416,0.241583,0.006134828302405855,0.227416,0.241583,0.2394918,0.239292,0.229375,0.249542,0.007920902991452433,0.229375,0.249542,0.2394918,0.239292,0.229375,0.249542,0.007920902991452433,0.229375,0.249542,,,,0.0065,2000,0.95,20260801,1949487092,,,,
1.0,actual_runtime_and_circuit_metrics,qiskit_statevector_mlae,Qiskit StatevectorSampler finite-shot CPU simulation of synthesized circuits; not a QPU,0,64,0.0,32,18,64,False,False,5,5,0,[],1,287.07807519999994,287.630042,285.608167,288.548167,1.269602657236196,285.608167,288.548167,328.6992416,328.605,326.584375,331.236292,1.6996260097604592,326.584375,331.236292,338.8927086,338.394709,336.846334,341.829209,1.844974830690729,336.846334,341.829209,0.420167,0.005375,10.257709,40.911333,2000,0.95,20260801,3776699995,860,1382,2432,2432
1.0,actual_runtime_and_circuit_metrics,qiskit_statevector_mlae,Qiskit StatevectorSampler finite-shot CPU simulation of synthesized circuits; not a QPU,0,64,0.0,64,35,64,True,False,5,5,0,[],1,692.3469166,695.777667,682.706958,696.791375,6.076068444940142,682.706958,696.791375,793.8810586,796.483208,782.585709,797.373042,6.339680670957454,782.585709,797.373042,812.397375,814.706416,800.63175,816.7145,6.64105388563412,800.63175,816.7145,0.4055,0.005334,18.433042,99.888042,2000,0.95,20260801,769436916,1716,2758,5190,5190
1.0,actual_runtime_and_circuit_metrics,qiskit_statevector_mlae,Qiskit StatevectorSampler finite-shot CPU simulation of synthesized circuits; not a QPU,0,64,0.0,128,105,64,True,True,5,5,0,[],1,695.0016498,689.659,684.588541,709.593583,10.811867461019478,684.588541,709.593583,796.8535669999999,790.861584,785.4625,810.696167,12.25739087054497,785.4625,810.696167,815.8436754,809.071125,803.801667,830.911167,13.001752813795802,803.801667,830.911167,0.378375,0.005042,18.776417,100.658333,2000,0.95,20260801,3240490090,1716,2758,5190,15570
1.0,actual_runtime_and_circuit_metrics,qiskit_statevector_mlae,Qiskit StatevectorSampler finite-shot CPU simulation of synthesized circuits; not a QPU,0,64,0.0,256,245,64,True,True,5,5,0,[],1,690.7237250000001,691.121042,684.094042,695.456542,4.531440057203467,684.094042,695.456542,792.4783496,792.528833,786.047458,796.831333,4.3766224073696645,786.047458,796.831333,811.1200916,811.541208,803.873208,814.933792,4.42931096474434,803.873208,814.933792,0.40825,0.005292,18.289709,101.578042,2000,0.95,20260801,1534912189,1716,2758,5190,36330
1.0,actual_runtime_and_circuit_metrics,qiskit_statevector_mlae,Qiskit StatevectorSampler finite-shot CPU simulation of synthesized circuits; not a QPU,0,64,0.0,512,490,64,True,True,5,5,0,[],1,693.8709166,696.120666,685.073625,702.113167,6.8059100046194585,685.073625,702.113167,795.3996,798.409208,785.183542,803.156833,7.292301133563855,785.183542,803.156833,815.078675,818.219458,803.703667,822.4045,8.070569698223851,803.703667,822.4045,0.40425,0.005167,19.244,100.882458,2000,0.95,20260801,3517340122,1716,2758,5190,72660
1.0,actual_runtime_and_circuit_metrics,qiskit_statevector_mlae,Qiskit StatevectorSampler finite-shot CPU simulation of synthesized circuits; not a QPU,0,64,0.0,1024,1015,64,True,True,5,5,0,[],1,693.7526666,694.491375,689.83975,697.068166,3.45847991611441,689.83975,697.068166,796.9746748,797.044708,792.701708,801.197125,3.28738089990597,792.701708,801.197125,816.0539998,816.557125,812.554333,820.65375,3.2131109329275542,812.554333,820.65375,0.428542,0.00575,19.452709,102.121125,2000,0.95,20260801,3382337873,1716,2758,5190,150510
1.0,actual_runtime_and_circuit_metrics,qiskit_statevector_mlae,Qiskit StatevectorSampler finite-shot CPU simulation of synthesized circuits; not a QPU,1,64,0.015625,32,18,64,False,False,5,5,0,[],1,375.179425,372.848791,370.747292,381.247,4.45344276595058,370.747292,381.247,416.0614498,413.970041,410.813917,422.713458,4.816917228832124,410.813917,422.713458,444.5670166,442.8385,438.514875,452.405375,5.486461313811866,438.514875,452.405375,0.634458,0.005458,28.375375,40.141375,2000,0.95,20260801,2125138084,2768,4325,8318,8318
1.0,actual_runtime_and_circuit_metrics,qiskit_statevector_mlae,Qiskit StatevectorSampler finite-shot CPU simulation of synthesized circuits; not a QPU,1,64,0.015625,64,35,64,True,False,5,5,0,[],1,865.4714582,866.018875,859.516833,871.287458,5.491162608186771,859.516833,871.287458,966.5428334000001,966.803667,959.595583,973.063917,5.962348154343566,959.595583,973.063917,1019.2968916,1018.284167,1011.679333,1027.485792,7.213695922979479,1011.679333,1027.485792,0.697583,0.005708,52.079666,100.07675,2000,0.95,20260801,202366702,5320,8317,16635,16635
1.0,actual_runtime_and_circuit_metrics,qiskit_statevector_mlae,Qiskit StatevectorSampler finite-shot CPU simulation of synthesized circuits; not a QPU,1,64,0.015625,128,105,64,True,True,5,5,0,[],1,869.4414666,868.744541,862.952583,879.551667,6.15430626452718,862.952583,879.551667,974.3806336,972.7625,965.663417,982.302667,7.183656561247911,965.663417,982.302667,1027.1908084000002,1025.7755,1017.958208,1034.471375,6.892356783051742,1017.958208,1034.471375,0.675708,0.005833,52.404667,102.158917,2000,0.95,20260801,499837632,5320,8317,16635,49905
1.0,actual_runtime_and_circuit_metrics,qiskit_statevector_mlae,Qiskit StatevectorSampler finite-shot CPU simulation of synthesized circuits; not a QPU,1,64,0.015625,256,245,64,True,True,5,5,0,[],1,858.6760666,857.517542,854.64625,862.763833,3.2878627352181535,854.64625,862.763833,960.7972248,963.061958,955.461041,963.956708,3.7699769736837476,955.461041,963.956708,1012.7275331999999,1014.280584,1007.558125,1016.734041,3.942246329256866,1007.558125,1016.734041,0.638291,0.005833,52.093334,100.569125,2000,0.95,20260801,1798800827,5320,8317,16635,116445
1.0,actual_runtime_and_circuit_metrics,qiskit_statevector_mlae,Qiskit StatevectorSampler finite-shot CPU simulation of synthesized circuits; not a QPU,1,64,0.015625,512,490,64,True,True,5,5,0,[],1,859.664025,860.723292,850.254916,871.61,8.181255386042302,850.254916,871.61,960.8172000000001,960.703333,952.581833,972.692709,7.859043524192129,952.581833,972.692709,1014.1140499999999,1013.111625,1006.991875,1024.511,6.927053494384332,1006.991875,1024.511,0.60575,0.0055,53.763333,100.46825,2000,0.95,20260801,320960808,5320,8317,16635,232890
1.0,actual_runtime_and_circuit_metrics,qiskit_statevector_mlae,Qiskit StatevectorSampler finite-shot CPU simulation of synthesized circuits; not a QPU,1,64,0.015625,1024,1015,64,True,True,5,5,0,[],1,868.1105748,867.241292,856.101833,878.464333,8.578962785400138,856.101833,878.464333,968.8686498,966.133208,958.592041,979.048667,7.995616027080456,958.592041,979.048667,1022.1029584,1019.413542,1013.680416,1032.893209,7.797994834875424,1013.680416,1032.893209,0.677333,0.005292,53.275875,99.989292,2000,0.95,20260801,973001385,5320,8317,16635,482415
1.0,actual_runtime_and_circuit_metrics,qiskit_statevector_mlae,Qiskit StatevectorSampler finite-shot CPU simulation of synthesized circuits; not a QPU,8,64,0.125,32,18,64,False,False,5,5,0,[],1,1021.5628916,975.012792,963.353333,1221.30175,111.83449912183328,963.353333,1221.30175,1063.5490916,1016.990458,1004.746125,1263.794041,112.13876829603073,1004.746125,1263.794041,1208.1700999999998,1162.077875,1147.656458,1409.217958,112.69006011089813,1147.656458,1409.217958,1.099958,0.00525,145.083375,40.953292,2000,0.95,20260801,3870676022,16124,24710,49088,49088
1.0,actual_runtime_and_circuit_metrics,qiskit_statevector_mlae,Qiskit StatevectorSampler finite-shot CPU simulation of synthesized circuits; not a QPU,8,64,0.125,64,35,64,True,False,5,5,0,[],1,2022.629925,2011.982125,2000.72025,2049.330875,22.399155180032913,2000.72025,2049.330875,2124.3645752,2112.786625,2102.608042,2153.007375,23.394299983053028,2102.608042,2153.007375,2400.8730750000004,2388.747667,2375.007167,2429.405791,25.066150281044266,2375.007167,2429.405791,1.193208,0.005625,276.39475,100.71775,2000,0.95,20260801,3237577166,30548,46822,95910,95910
1.0,actual_runtime_and_circuit_metrics,qiskit_statevector_mlae,Qiskit StatevectorSampler finite-shot CPU simulation of synthesized circuits; not a QPU,8,64,0.125,128,105,64,True,True,5,5,0,[],1,2086.7634252,2052.503834,2001.508792,2273.490125,107.94282836455258,2001.508792,2273.490125,2188.6213248,2153.50025,2102.130375,2375.706375,108.39111754932445,2102.130375,2375.706375,2464.6815248,2428.42175,2375.223125,2655.173083,110.91023763224591,2375.223125,2655.173083,1.175,0.005583,274.915542,100.499875,2000,0.95,20260801,2064961151,30548,46822,95910,287730
1.0,actual_runtime_and_circuit_metrics,qiskit_statevector_mlae,Qiskit StatevectorSampler finite-shot CPU simulation of synthesized circuits; not a QPU,8,64,0.125,256,245,64,True,True,5,5,0,[],1,2083.5664246,2046.199208,2005.671916,2272.909041,107.46215917959219,2005.671916,2272.909041,2184.8748502000003,2146.73475,2107.119542,2373.679042,107.19078244864546,2107.119542,2373.679042,2461.8702332000003,2426.741916,2378.237417,2650.49275,107.76088020995368,2378.237417,2650.49275,1.149542,0.005333,277.230791,100.160917,2000,0.95,20260801,4048692809,30548,46822,95910,671370
1.0,actual_runtime_and_circuit_metrics,qiskit_statevector_mlae,Qiskit StatevectorSampler finite-shot CPU simulation of synthesized circuits; not a QPU,8,64,0.125,512,490,64,True,True,5,5,0,[],1,2086.3389084,2046.558167,1986.376125,2302.21575,123.58600563252375,1986.376125,2302.21575,2188.4551916,2149.042542,2087.602333,2402.986792,123.02077070501414,2087.602333,2402.986792,2463.996875,2427.108458,2357.741791,2679.625292,124.27974827388783,2357.741791,2679.625292,1.229834,0.005208,276.634667,100.8325,2000,0.95,20260801,428908053,30548,46822,95910,1342740
1.0,actual_runtime_and_circuit_metrics,qiskit_statevector_mlae,Qiskit StatevectorSampler finite-shot CPU simulation of synthesized circuits; not a QPU,8,64,0.125,1024,1015,64,True,True,5,5,0,[],1,2146.2178334,2056.30525,2048.445125,2290.065042,130.1349413862874,2048.445125,2290.065042,2247.9272499999997,2157.898458,2150.47875,2391.322375,129.88586918161621,2150.47875,2391.322375,2523.8811664,2431.819125,2425.785916,2670.282916,131.5419547614881,2425.785916,2670.282916,1.197167,0.005708,275.3035,100.513375,2000,0.95,20260801,588005697,30548,46822,95910,2781390
1.0,actual_runtime_and_circuit_metrics,qiskit_statevector_mlae,Qiskit StatevectorSampler finite-shot CPU simulation of synthesized circuits; not a QPU,32,64,0.5,32,18,64,False,False,5,5,0,[],1,3026.8735416,3033.82,2971.320083,3057.376708,33.24219852768415,2971.320083,3057.376708,3070.7188998,3076.855375,3016.319542,3101.793458,32.72232990112604,3016.319542,3101.793458,3613.5841,3623.118833,3554.469375,3643.787583,34.227803359270524,3554.469375,3643.787583,2.64975,0.005708,541.990375,40.711833,2000,0.95,20260801,524522327,61916,94118,187904,187904
1.0,actual_runtime_and_circuit_metrics,qiskit_statevector_mlae,Qiskit StatevectorSampler finite-shot CPU simulation of synthesized circuits; not a QPU,32,64,0.5,64,35,64,True,False,5,5,0,[],1,6060.335375000001,6051.700125,6005.4905,6143.795083,50.71656312880014,6005.4905,6143.795083,6164.6116496,6158.470541,6108.0785,6245.809083,50.22628892374069,6108.0785,6245.809083,7206.142558,7198.82025,7152.427458,7278.738291,46.435577752818624,7152.427458,7278.738291,2.64925,0.006792,1044.344666,100.158083,2000,0.95,20260801,1726709806,117044,177926,365830,365830
1.0,actual_runtime_and_circuit_metrics,qiskit_statevector_mlae,Qiskit StatevectorSampler finite-shot CPU simulation of synthesized circuits; not a QPU,32,64,0.5,128,105,64,True,True,5,5,0,[],1,5999.9938334,5991.822417,5918.272292,6094.405792,72.54980313326563,5918.272292,6094.405792,6103.3959,6094.882625,6022.28625,6197.316917,72.4724986463808,6022.28625,6197.316917,7142.252391600001,7140.166792,7057.813541,7227.184083,69.9863714854503,7057.813541,7227.184083,2.569666,0.005625,1040.430417,100.486125,2000,0.95,20260801,1185605596,117044,177926,365830,1097490
1.0,actual_runtime_and_circuit_metrics,qiskit_statevector_mlae,Qiskit StatevectorSampler finite-shot CPU simulation of synthesized circuits; not a QPU,32,64,0.5,256,245,64,True,True,5,5,0,[],1,6088.5588334,6020.993542,5986.500166,6349.802459,150.78260540623268,5986.500166,6349.802459,6192.334758200001,6126.244166,6090.152333,6452.712875,150.28262710724968,6090.152333,6452.712875,7232.662700000001,7176.046916,7140.349917,7483.734375,143.448988261412,7140.349917,7483.734375,2.687917,0.005959,1042.957667,100.975625,2000,0.95,20260801,3416966664,117044,177926,365830,2560810
1.0,actual_runtime_and_circuit_metrics,qiskit_statevector_mlae,Qiskit StatevectorSampler finite-shot CPU simulation of synthesized circuits; not a QPU,32,64,0.5,512,490,64,True,True,5,5,0,[],1,6098.1470834,6054.632208,5946.438375,6235.456166,127.106255664847,5946.438375,6235.456166,6202.5392416,6157.937416,6049.60475,6340.429958,126.94122152426094,6049.60475,6340.429958,7251.0057002,7204.40925,7077.3665,7387.790208,134.24308779347425,7077.3665,7387.790208,2.732625,0.005667,1047.355917,100.738041,2000,0.95,20260801,1142659100,117044,177926,365830,5121620
1.0,actual_runtime_and_circuit_metrics,qiskit_statevector_mlae,Qiskit StatevectorSampler finite-shot CPU simulation of synthesized circuits; not a QPU,32,64,0.5,1024,1015,64,True,True,5,5,0,[],1,5978.716625200001,6025.32725,5878.128917,6044.697792,78.24497218338733,5878.128917,6044.697792,6082.6279666,6128.241542,5981.686416,6150.796083,79.01745860819734,5981.686416,6150.796083,7222.8330664000005,7209.338291,7021.625208,7421.91025,190.83499901104517,7021.625208,7421.91025,2.750125,0.006167,1058.5385,100.350041,2000,0.95,20260801,3383316936,117044,177926,365830,10609070
1.0,actual_runtime_and_circuit_metrics,qiskit_statevector_mlae,Qiskit StatevectorSampler finite-shot CPU simulation of synthesized circuits; not a QPU,56,64,0.875,32,18,64,False,False,5,5,0,[],1,5075.9340582,5029.440334,4939.584958,5273.514333,133.8409340785032,4939.584958,5273.514333,5121.8455916,5077.883291,4985.94475,5319.092125,133.340510741994,4985.94475,5319.092125,6057.5932168,6017.23575,5921.806583,6259.573792,131.65862269462215,5921.806583,6259.573792,4.516625,0.005917,939.348584,41.051625,2000,0.95,20260801,3843606580,107276,163382,326432,326432
1.0,actual_runtime_and_circuit_metrics,qiskit_statevector_mlae,Qiskit StatevectorSampler finite-shot CPU simulation of synthesized circuits; not a QPU,56,64,0.875,64,35,64,True,False,5,5,0,[],1,10070.850975199999,10026.987875,9797.507709,10262.634125,192.4817184131481,9797.507709,10262.634125,10176.3466834,10130.703208,9903.412584,10370.462333,193.18682600159698,9903.412584,10370.462333,12000.6887334,11949.14675,11715.866834,12206.164833,203.2649598561229,11715.866834,12206.164833,4.117584,0.006959,1827.359792,100.675083,2000,0.95,20260801,3132035751,202724,308758,635190,635190
1.0,actual_runtime_and_circuit_metrics,qiskit_statevector_mlae,Qiskit StatevectorSampler finite-shot CPU simulation of synthesized circuits; not a QPU,56,64,0.875,128,105,64,True,True,5,5,0,[],1,10143.276883399998,10252.215042,9749.561584,10255.039625,221.07560737739283,9749.561584,10255.039625,10249.2357918,10357.030709,9855.542,10360.392625,220.90787558676018,9855.542,10360.392625,12117.422366800001,12187.163417,11851.2975,12201.012042,149.59663504483257,11851.2975,12201.012042,4.65125,0.006291,1843.634,100.784833,2000,0.95,20260801,2604224391,202724,308758,635190,1905570
1.0,actual_runtime_and_circuit_metrics,qiskit_statevector_mlae,Qiskit StatevectorSampler finite-shot CPU simulation of synthesized circuits; not a QPU,56,64,0.875,256,245,64,True,True,5,5,0,[],1,10148.1875332,10235.116833,9765.784208,10260.681125,214.15623486991058,9765.784208,10260.681125,10255.784425,10338.562667,9875.457125,10371.297208,213.0615922028186,9875.457125,10371.297208,12083.421958199999,12175.637458,11703.057667,12197.041916,212.9953642441132,11703.057667,12197.041916,5.595625,0.0065,1825.722291,101.597917,2000,0.95,20260801,2270786402,202724,308758,635190,4446330
1.0,actual_runtime_and_circuit_metrics,qiskit_statevector_mlae,Qiskit StatevectorSampler finite-shot CPU simulation of synthesized circuits; not a QPU,56,64,0.875,512,490,64,True,True,5,5,0,[],1,10010.387841599999,9981.956833,9901.9905,10173.043875,100.36493419413685,9901.9905,10173.043875,10116.7182584,10087.09975,10005.813167,10282.7605,102.77038685870953,10005.813167,10282.7605,11935.2353168,11912.069792,11814.984375,12109.533625,110.64623915071724,11814.984375,12109.533625,4.912458,0.006625,1824.965167,100.989833,2000,0.95,20260801,2057934434,202724,308758,635190,8892660
1.0,actual_runtime_and_circuit_metrics,qiskit_statevector_mlae,Qiskit StatevectorSampler finite-shot CPU simulation of synthesized circuits; not a QPU,56,64,0.875,1024,1015,64,True,True,5,5,0,[],1,10124.928525,10210.822625,9942.609375,10232.031708,137.35634533232474,9942.609375,10232.031708,10229.6688668,10315.902875,10047.65575,10336.415917,137.85913552463782,10047.65575,10336.415917,12054.8518334,12145.400542,11886.413,12154.629458,131.27615183706132,11886.413,12154.629458,3.938625,0.005792,1823.984708,100.994583,2000,0.95,20260801,1453726935,202724,308758,635190,18420510
1.0,actual_runtime_and_circuit_metrics,qiskit_statevector_mlae,Qiskit StatevectorSampler finite-shot CPU simulation of synthesized circuits; not a QPU,63,64,0.984375,32,18,64,False,False,5,5,0,[],1,5687.66415,5641.559791,5557.244584,5941.865917,148.60941269130868,5557.244584,5941.865917,5733.7792918,5686.520292,5603.028417,5987.314792,148.15811939971465,5603.028417,5987.314792,6782.1654582,6723.615875,6648.335583,7044.484458,153.32689707983198,6648.335583,7044.484458,4.409667,0.005667,1052.116459,40.936667,2000,0.95,20260801,3294970761,120507,183443,366554,366554
1.0,actual_runtime_and_circuit_metrics,qiskit_statevector_mlae,Qiskit StatevectorSampler finite-shot CPU simulation of synthesized circuits; not a QPU,63,64,0.984375,64,35,64,True,False,5,5,0,[],1,11053.592274999999,10917.95475,10878.86575,11415.672167,228.6654183987756,10878.86575,11415.672167,11159.3991584,11022.389917,10982.949333,11522.840959,230.41562330566967,10982.949333,11522.840959,13238.983841600002,13247.302917,13031.406542,13581.949375,224.032427171382,13031.406542,13581.949375,4.322791,0.006083,2048.453292,100.149834,2000,0.95,20260801,4181506680,227715,346651,713205,713205
1.0,actual_runtime_and_circuit_metrics,qiskit_statevector_mlae,Qiskit StatevectorSampler finite-shot CPU simulation of synthesized circuits; not a QPU,63,64,0.984375,128,105,64,True,True,5,5,0,[],1,11222.6315,11197.935334,10948.354125,11439.133,193.21326085340803,10948.354125,11439.133,11327.7059332,11302.530291,11054.414917,11544.804292,193.17674610993421,11054.414917,11544.804292,13472.0472748,13531.334375,13324.711167,13610.200625,127.6877637113248,13324.711167,13610.200625,4.520708,0.005709,2065.392667,100.881083,2000,0.95,20260801,3497708234,227715,346651,713205,2139615
1.0,actual_runtime_and_circuit_metrics,qiskit_statevector_mlae,Qiskit StatevectorSampler finite-shot CPU simulation of synthesized circuits; not a QPU,63,64,0.984375,256,245,64,True,True,5,5,0,[],1,11246.45805,11184.960958,11084.763417,11405.212375,147.2556711959074,11084.763417,11405.212375,11352.0064,11291.447917,11189.10775,11510.7975,148.71261057648246,11189.10775,11510.7975,13397.810808400001,13369.683458,13217.96875,13562.129667,155.0469611583301,13217.96875,13562.129667,4.543542,0.00625,2043.297,100.955125,2000,0.95,20260801,728027976,227715,346651,713205,4992435
1.0,actual_runtime_and_circuit_metrics,qiskit_statevector_mlae,Qiskit StatevectorSampler finite-shot CPU simulation of synthesized circuits; not a QPU,63,64,0.984375,512,490,64,True,True,5,5,0,[],1,11206.384558200001,11161.773458,11145.6405,11378.724834,98.01936166345084,11145.6405,11378.724834,11312.0403086,11265.699125,11252.021125,11486.308792,98.99972842952565,11252.021125,11486.308792,13360.925075000001,13306.168459,13287.832042,13566.652625,117.33180736927807,13287.832042,13566.652625,4.485375,0.005709,2047.810792,100.934959,2000,0.95,20260801,3622034101,227715,346651,713205,9984870
1.0,actual_runtime_and_circuit_metrics,qiskit_statevector_mlae,Qiskit StatevectorSampler finite-shot CPU simulation of synthesized circuits; not a QPU,63,64,0.984375,1024,1015,64,True,True,5,5,0,[],1,11270.2733166,11300.90575,11103.336417,11402.081375,114.73619448590676,11103.336417,11402.081375,11376.2792164,11405.474708,11211.907708,11506.565958,113.89469362936427,11211.907708,11506.565958,13425.8535666,13460.424708,13262.581875,13556.73975,116.6944831033268,13262.581875,13556.73975,4.297083,0.006125,2050.670125,100.322875,2000,0.95,20260801,2480897935,227715,346651,713205,20682945
1.0,actual_runtime_and_circuit_metrics,qiskit_statevector_mlae,Qiskit StatevectorSampler finite-shot CPU simulation of synthesized circuits; not a QPU,64,64,1.0,32,18,64,False,False,5,5,0,[],1,292.2756582,292.314625,285.719083,296.498875,4.104318672396263,285.719083,296.498875,334.17706680000003,334.444875,328.575708,338.486917,3.745271404910887,328.575708,338.486917,345.3263584,345.177958,339.061041,350.176292,4.118446273153299,339.061041,350.176292,0.533375,0.005333,11.1315,41.442625,2000,0.95,20260801,3555653913,860,1391,2450,2450
1.0,actual_runtime_and_circuit_metrics,qiskit_statevector_mlae,Qiskit StatevectorSampler finite-shot CPU simulation of synthesized circuits; not a QPU,64,64,1.0,64,35,64,True,False,5,5,0,[],1,698.4775,695.9695,694.233834,705.345333,4.711480443047849,694.233834,705.345333,801.1798581999999,797.890958,796.618833,807.305708,5.533133329632289,796.618833,807.305708,861.8905500000001,826.998625,817.4605,1018.894917,87.88414326467299,817.4605,1018.894917,0.52575,0.005375,20.506041,101.473541,2000,0.95,20260801,3483623168,1716,2775,5225,5225
1.0,actual_runtime_and_circuit_metrics,qiskit_statevector_mlae,Qiskit StatevectorSampler finite-shot CPU simulation of synthesized circuits; not a QPU,64,64,1.0,128,105,64,True,True,5,5,0,[],1,696.789275,695.755958,688.269833,703.70625,6.064142452777926,688.269833,703.70625,798.3829499999999,797.539917,789.773459,804.406666,6.033003829705099,789.773459,804.406666,819.3228584000001,818.364334,811.001292,826.164,6.018142258909139,811.001292,826.164,0.441292,0.0055,20.821042,101.176125,2000,0.95,20260801,2920539686,1716,2775,5225,15675
1.0,actual_runtime_and_circuit_metrics,qiskit_statevector_mlae,Qiskit StatevectorSampler finite-shot CPU simulation of synthesized circuits; not a QPU,64,64,1.0,256,245,64,True,True,5,5,0,[],1,703.6910582,703.759083,695.193584,710.222583,5.59922805888408,695.193584,710.222583,805.0029416,806.876625,794.384208,811.512167,6.7865084734758945,794.384208,811.512167,825.4980250000001,827.900625,814.288958,831.38,7.196770190406333,814.288958,831.38,0.533166,0.005625,19.939459,100.706875,2000,0.95,20260801,3028617224,1716,2775,5225,36575
1.0,actual_runtime_and_circuit_metrics,qiskit_statevector_mlae,Qiskit StatevectorSampler finite-shot CPU simulation of synthesized circuits; not a QPU,64,64,1.0,512,490,64,True,True,5,5,0,[],1,698.912325,698.839667,694.922208,704.020583,3.3147417899930853,694.922208,704.020583,799.4615668,798.552167,796.023917,805.116042,3.5023078935804888,796.023917,805.116042,820.3261920000001,818.593792,818.071584,825.493167,3.1459252859585556,818.071584,825.493167,0.526125,0.005459,20.600667,100.554208,2000,0.95,20260801,3065095726,1716,2775,5225,73150
1.0,actual_runtime_and_circuit_metrics,qiskit_statevector_mlae,Qiskit StatevectorSampler finite-shot CPU simulation of synthesized circuits; not a QPU,64,64,1.0,1024,1015,64,True,True,5,5,0,[],1,745.4391084,702.336417,696.384083,926.10925,101.02808022225433,696.384083,926.10925,846.5992997999999,803.191917,798.522541,1026.92425,100.82491164382172,798.522541,1026.92425,866.9367918,823.098292,818.836333,1046.732917,100.53334720394858,818.836333,1046.732917,0.502417,0.005417,20.308542,100.462291,2000,0.95,20260801,3862513892,1716,2775,5225,151525
